2,Plasma_Membrane
3,Endosomes
4,Endoplasmic_Reticulum
5,Mitochondria
6,Mitochondria
7,Endoplasmic_Reticulum
8,Endoplasmic_Reticulum
9,Endoplasmic_Reticulum
10,Plasma_Membrane
11,Endosomes
12,Peroxisomes
13,Peroxisomes
14,Mitochondria
15,Mitochondria
16,Endosomes
17,Lysosome
18,Mitochondria
19,Microtubules
20,Lysosome
21,Lysosome
22,Lysosome
23,Lysosome
24,Peroxisomes
25,Lysosome
26,Peroxisomes
27,Endoplasmic_Reticulum
28,Peroxisomes
29,Microtubules
30,Endoplasmic_Reticulum
31,Peroxisomes
32,Endoplasmic_Reticulum
33,Endosomes
34,Mitochondria
35,Lysosome
36,Endoplasmic_Reticulum
37,Mitochondria
38,Endoplasmic_Reticulum
39,Endoplasmic_Reticulum
40,Mitochondria
41,Endosomes
42,Lysosome
43,Peroxisomes
44,Lysosome
45,Endosomes
46,Endoplasmic_Reticulum
47,Endosomes
48,Plasma_Membrane
49,Peroxisomes
50,Endoplasmic_Reticulum
51,Lysosome
52,Plasma_Membrane
53,Mitochondria
54,Actin
55,Peroxisomes
56,Lysosome
57,Endoplasmic_Reticulum
58,Microtubules
59,Plasma_Membrane
60,Lysosome
61,Endoplasmic_Reticulum
62,Endoplasmic_Reticulum
63,Peroxisomes
64,Endosomes
65,Mitochondria
66,Endosomes
67,Lysosome
68,Mitochondria
69,Plasma_Membrane
70,Mitochondria
71,Peroxisomes
72,Endosomes
73,Endosomes
74,Endoplasmic_Reticulum
75,Peroxisomes
76,Peroxisomes
77,Plasma_Membrane
78,Mitochondria
79,Lysosome
80,Endosomes
81,Lysosome
82,Plasma_Membrane
83,Mitochondria
84,Lysosome
85,Mitochondria
86,Mitochondria
87,Endosomes
88,Peroxisomes
89,Plasma_Membrane
90,Plasma_Membrane
91,Mitochondria
92,Endoplasmic_Reticulum
93,Lysosome
94,Plasma_Membrane
95,Endoplasmic_Reticulum
96,Mitochondria
97,Lysosome
98,Endoplasmic_Reticulum
99,Plasma_Membrane
100,Endoplasmic_Reticulum
101,Plasma_Membrane
102,Peroxisomes
103,Lysosome
104,Endoplasmic_Reticulum
105,Endoplasmic_Reticulum
106,Mitochondria
107,Endoplasmic_Reticulum
108,Lysosome
109,Peroxisomes
110,Mitochondria
111,Plasma_Membrane
112,Mitochondria
113,Endoplasmic_Reticulum
114,Plasma_Membrane
115,Lysosome
116,Endosomes
117,Plasma_Membrane
118,Peroxisomes
119,Lysosome
120,Endoplasmic_Reticulum
121,Mitochondria
122,Actin
123,Endosomes
124,Endoplasmic_Reticulum
125,Lysosome
126,Plasma_Membrane
127,Endoplasmic_Reticulum
128,Mitochondria
129,Endoplasmic_Reticulum
130,Lysosome
131,Endoplasmic_Reticulum
132,Lysosome
133,Lysosome
134,Endoplasmic_Reticulum
135,Endoplasmic_Reticulum
136,Endoplasmic_Reticulum
137,Mitochondria
138,Endosomes
139,Endosomes
140,Mitochondria
141,Mitochondria
142,Endosomes
143,Endosomes
144,Endosomes
145,Endosomes
146,Endoplasmic_Reticulum
147,Endosomes
148,Mitochondria
149,Endoplasmic_Reticulum
150,Mitochondria
151,Endoplasmic_Reticulum
152,Endosomes
153,Lysosome
154,Plasma_Membrane
155,Endoplasmic_Reticulum
156,Mitochondria
157,Endosomes
158,Mitochondria
159,Peroxisomes
160,Endoplasmic_Reticulum
161,Mitochondria
162,Plasma_Membrane
163,Mitochondria
164,Mitochondria
165,Plasma_Membrane
166,Lysosome
167,Peroxisomes
168,Plasma_Membrane
169,Mitochondria
170,Plasma_Membrane
171,Plasma_Membrane
172,Lysosome
173,Peroxisomes
174,Endoplasmic_Reticulum
175,Endosomes
176,Endoplasmic_Reticulum
177,Lysosome
178,Endoplasmic_Reticulum
179,Plasma_Membrane
180,Endosomes
181,Endosomes
182,Endoplasmic_Reticulum
183,Mitochondria
184,Endoplasmic_Reticulum
185,Lysosome
186,Endoplasmic_Reticulum
187,Peroxisomes
188,Microtubules
189,Plasma_Membrane
190,Endoplasmic_Reticulum
191,Endosomes
192,Endoplasmic_Reticulum
193,Mitochondria
194,Endoplasmic_Reticulum
195,Endoplasmic_Reticulum
196,Endosomes
197,Microtubules
198,Endoplasmic_Reticulum
199,Lysosome
200,Endoplasmic_Reticulum
201,Plasma_Membrane
202,Microtubules
203,Mitochondria
204,Mitochondria
205,Endosomes
206,Endosomes
207,Peroxisomes
208,Endoplasmic_Reticulum
209,Plasma_Membrane
210,Mitochondria
211,Lysosome
212,Plasma_Membrane
213,Endoplasmic_Reticulum
214,Lysosome
215,Lysosome
216,Lysosome
217,Microtubules
218,Endosomes
219,Endoplasmic_Reticulum
220,Lysosome
221,Peroxisomes
222,Lysosome
223,Mitochondria
224,Endosomes
225,Peroxisomes
226,Mitochondria
227,Actin
228,Endoplasmic_Reticulum
229,Plasma_Membrane
230,Plasma_Membrane
231,Endosomes
232,Endoplasmic_Reticulum
233,Mitochondria
234,Mitochondria
235,Lysosome
236,Peroxisomes
237,Endoplasmic_Reticulum
238,Mitochondria
239,Endosomes
240,Lysosome
241,Lysosome
242,Mitochondria
243,Mitochondria
244,Lysosome
245,Endoplasmic_Reticulum
246,Endoplasmic_Reticulum
247,Plasma_Membrane
248,Endoplasmic_Reticulum
249,Mitochondria
250,Microtubules
