2,Microtubules
3,Peroxisomes
4,Mitochondria
5,Lysosome
6,Actin
7,Lysosome
8,Lysosome
9,Endoplasmic_Reticulum
10,Peroxisomes
11,Peroxisomes
12,Mitochondria
13,Endosomes
14,Peroxisomes
15,Peroxisomes
16,Actin
17,Peroxisomes
18,Plasma_Membrane
19,Plasma_Membrane
20,Plasma_Membrane
21,Actin
22,Actin
23,Lysosome
24,Microtubules
25,Peroxisomes
26,Peroxisomes
27,Peroxisomes
28,Lysosome
29,Actin
30,Endosomes
31,Microtubules
32,Actin
33,Microtubules
34,Plasma_Membrane
35,Microtubules
36,Microtubules
37,Microtubules
38,Plasma_Membrane
39,Endoplasmic_Reticulum
40,Endoplasmic_Reticulum
41,Mitochondria
42,Microtubules
43,Microtubules
44,Peroxisomes
45,Mitochondria
46,Lysosome
47,Endosomes
48,Microtubules
49,Peroxisomes
50,Lysosome
51,Endosomes
52,Plasma_Membrane
53,Mitochondria
54,Microtubules
55,Mitochondria
56,Lysosome
57,Actin
58,Lysosome
59,Mitochondria
60,Plasma_Membrane
61,Microtubules
62,Endosomes
63,Mitochondria
64,Endoplasmic_Reticulum
65,Endosomes
66,Peroxisomes
67,Endoplasmic_Reticulum
68,Peroxisomes
69,Peroxisomes
70,Plasma_Membrane
71,Actin
72,Plasma_Membrane
73,Lysosome
74,Endosomes
75,Lysosome
76,Plasma_Membrane
77,Actin
78,Microtubules
79,Actin
80,Endoplasmic_Reticulum
81,Mitochondria
82,Plasma_Membrane
83,Lysosome
84,Lysosome
85,Plasma_Membrane
86,Peroxisomes
87,Endosomes
88,Endosomes
89,Endosomes
90,Actin
91,Lysosome
92,Endosomes
93,Peroxisomes
94,Peroxisomes
95,Plasma_Membrane
96,Plasma_Membrane
97,Peroxisomes
98,Microtubules
99,Lysosome
100,Mitochondria
101,Peroxisomes
102,Actin
103,Mitochondria
104,Microtubules
105,Mitochondria
106,Endoplasmic_Reticulum
107,Endoplasmic_Reticulum
108,Lysosome
109,Microtubules
110,Mitochondria
111,Actin
112,Plasma_Membrane
113,Microtubules
114,Actin
115,Actin
116,Endosomes
117,Actin
118,Lysosome
119,Endosomes
120,Microtubules
121,Lysosome
122,Actin
123,Actin
124,Actin
125,Actin
126,Microtubules
127,Actin
128,Plasma_Membrane
129,Endoplasmic_Reticulum
130,Peroxisomes
131,Lysosome
132,Actin
133,Microtubules
134,Endoplasmic_Reticulum
135,Lysosome
136,Peroxisomes
137,Mitochondria
138,Actin
139,Peroxisomes
140,Mitochondria
141,Actin
142,Lysosome
143,Peroxisomes
144,Endoplasmic_Reticulum
145,Endoplasmic_Reticulum
146,Endosomes
147,Lysosome
148,Endosomes
149,Lysosome
150,Endosomes
151,Endosomes
152,Plasma_Membrane
153,Endoplasmic_Reticulum
154,Plasma_Membrane
155,Endoplasmic_Reticulum
156,Plasma_Membrane
157,Plasma_Membrane
158,Endoplasmic_Reticulum
159,Actin
160,Actin
161,Mitochondria
162,Endoplasmic_Reticulum
163,Microtubules
164,Microtubules
165,Plasma_Membrane
166,Peroxisomes
167,Endosomes
168,Lysosome
169,Lysosome
170,Peroxisomes
171,Mitochondria
172,Plasma_Membrane
173,Peroxisomes
174,Mitochondria
175,Microtubules
176,Peroxisomes
177,Endoplasmic_Reticulum
178,Peroxisomes
179,Lysosome
180,Peroxisomes
181,Actin
182,Plasma_Membrane
183,Endosomes
184,Endoplasmic_Reticulum
185,Microtubules
186,Actin
187,Microtubules
188,Actin
189,Plasma_Membrane
190,Plasma_Membrane
191,Plasma_Membrane
192,Mitochondria
193,Endoplasmic_Reticulum
194,Plasma_Membrane
195,Peroxisomes
196,Microtubules
197,Mitochondria
198,Actin
199,Lysosome
200,Endoplasmic_Reticulum
201,Mitochondria
202,Endoplasmic_Reticulum
203,Peroxisomes
204,Endoplasmic_Reticulum
205,Lysosome
206,Plasma_Membrane
207,Endoplasmic_Reticulum
208,Endoplasmic_Reticulum
209,Peroxisomes
210,Peroxisomes
211,Endosomes
212,Lysosome
213,Endoplasmic_Reticulum
214,Actin
215,Microtubules
216,Lysosome
217,Peroxisomes
218,Endosomes
219,Lysosome
220,Endoplasmic_Reticulum
221,Actin
222,Microtubules
223,Endoplasmic_Reticulum
224,Plasma_Membrane
225,Lysosome
226,Actin
227,Mitochondria
228,Endosomes
229,Lysosome
230,Microtubules
231,Microtubules
232,Microtubules
233,Endosomes
234,Peroxisomes
235,Mitochondria
236,Endoplasmic_Reticulum
237,Actin
238,Plasma_Membrane
239,Lysosome
240,Lysosome
241,Lysosome
242,Plasma_Membrane
243,Endoplasmic_Reticulum
244,Lysosome
245,Microtubules
246,Actin
247,Peroxisomes
248,Endosomes
249,Plasma_Membrane
250,Mitochondria
