2,Lysosome
3,Lysosome
4,Lysosome
5,Lysosome
6,Microtubules
7,Endoplasmic_Reticulum
8,Microtubules
9,Mitochondria
10,Microtubules
11,Peroxisomes
12,Microtubules
13,Microtubules
14,Lysosome
15,Microtubules
16,Plasma_Membrane
17,Endoplasmic_Reticulum
18,Endoplasmic_Reticulum
19,Endoplasmic_Reticulum
20,Mitochondria
21,Endosomes
22,Mitochondria
23,Mitochondria
24,Microtubules
25,Plasma_Membrane
26,Lysosome
27,Plasma_Membrane
28,Endoplasmic_Reticulum
29,Lysosome
30,Endosomes
31,Actin
32,Lysosome
33,Lysosome
34,Endosomes
35,Endoplasmic_Reticulum
36,Peroxisomes
37,Microtubules
38,Lysosome
39,Lysosome
40,Actin
41,Peroxisomes
42,Endoplasmic_Reticulum
43,Plasma_Membrane
44,Actin
45,Endoplasmic_Reticulum
46,Lysosome
47,Mitochondria
48,Microtubules
49,Mitochondria
50,Lysosome
51,Endosomes
52,Lysosome
53,Lysosome
54,Microtubules
55,Microtubules
56,Lysosome
57,Mitochondria
58,Actin
59,Peroxisomes
60,Endoplasmic_Reticulum
61,Microtubules
62,Peroxisomes
63,Peroxisomes
64,Endoplasmic_Reticulum
65,Plasma_Membrane
66,Endosomes
67,Endosomes
68,Plasma_Membrane
69,Plasma_Membrane
70,Endosomes
71,Actin
72,Mitochondria
73,Mitochondria
74,Actin
75,Actin
76,Plasma_Membrane
77,Mitochondria
78,Endoplasmic_Reticulum
79,Peroxisomes
80,Endoplasmic_Reticulum
81,Endoplasmic_Reticulum
82,Lysosome
83,Endosomes
84,Actin
85,Plasma_Membrane
86,Microtubules
87,Actin
88,Mitochondria
89,Endosomes
90,Actin
91,Endoplasmic_Reticulum
92,Peroxisomes
93,Microtubules
94,Plasma_Membrane
95,Lysosome
96,Lysosome
97,Lysosome
98,Plasma_Membrane
99,Microtubules
100,Endoplasmic_Reticulum
101,Microtubules
102,Peroxisomes
103,Peroxisomes
104,Endosomes
105,Endoplasmic_Reticulum
106,Microtubules
107,Plasma_Membrane
108,Lysosome
109,Actin
110,Peroxisomes
111,Actin
112,Peroxisomes
113,Peroxisomes
114,Mitochondria
115,Plasma_Membrane
116,Mitochondria
117,Actin
118,Mitochondria
119,Actin
120,Endosomes
121,Endosomes
122,Endosomes
123,Microtubules
124,Endoplasmic_Reticulum
125,Mitochondria
126,Endosomes
127,Mitochondria
128,Endosomes
129,Lysosome
130,Plasma_Membrane
131,Plasma_Membrane
132,Endoplasmic_Reticulum
133,Actin
134,Microtubules
135,Mitochondria
136,Lysosome
137,Actin
138,Endoplasmic_Reticulum
139,Actin
140,Lysosome
141,Endosomes
142,Mitochondria
143,Peroxisomes
144,Plasma_Membrane
145,Lysosome
146,Actin
147,Endosomes
148,Actin
149,Mitochondria
150,Mitochondria
151,Endosomes
152,Lysosome
153,Peroxisomes
154,Endoplasmic_Reticulum
155,Endosomes
156,Endosomes
157,Actin
158,Peroxisomes
159,Endosomes
160,Endosomes
161,Actin
162,Endoplasmic_Reticulum
163,Mitochondria
164,Actin
165,Peroxisomes
166,Actin
167,Endosomes
168,Plasma_Membrane
169,Endosomes
170,Endoplasmic_Reticulum
171,Mitochondria
172,Mitochondria
173,Peroxisomes
174,Mitochondria
175,Endoplasmic_Reticulum
176,Mitochondria
177,Microtubules
178,Plasma_Membrane
179,Microtubules
180,Plasma_Membrane
181,Endoplasmic_Reticulum
182,Mitochondria
183,Microtubules
184,Peroxisomes
185,Endosomes
186,Mitochondria
187,Lysosome
188,Actin
189,Lysosome
190,Endosomes
191,Plasma_Membrane
192,Microtubules
193,Endosomes
194,Actin
195,Endosomes
196,Actin
197,Peroxisomes
198,Actin
199,Microtubules
200,Peroxisomes
201,Peroxisomes
202,Endosomes
203,Endosomes
204,Lysosome
205,Peroxisomes
206,Lysosome
207,Plasma_Membrane
208,Peroxisomes
209,Endoplasmic_Reticulum
210,Microtubules
211,Microtubules
212,Peroxisomes
213,Microtubules
214,Endoplasmic_Reticulum
215,Lysosome
216,Lysosome
217,Endosomes
218,Microtubules
219,Endoplasmic_Reticulum
220,Mitochondria
221,Peroxisomes
222,Mitochondria
223,Peroxisomes
224,Endoplasmic_Reticulum
225,Mitochondria
226,Endosomes
227,Lysosome
228,Plasma_Membrane
229,Plasma_Membrane
230,Endoplasmic_Reticulum
231,Microtubules
232,Mitochondria
233,Endoplasmic_Reticulum
234,Microtubules
235,Endoplasmic_Reticulum
236,Endoplasmic_Reticulum
237,Endoplasmic_Reticulum
238,Lysosome
239,Endosomes
240,Plasma_Membrane
241,Lysosome
242,Actin
243,Endosomes
244,Lysosome
245,Mitochondria
246,Microtubules
247,Actin
248,Plasma_Membrane
249,Mitochondria
250,Peroxisomes
